2.672336181640625000e+03,2.671257568359375000e+03,1.244226303100585938e+02,9.203002166748046875e+01,7.073193788528442383e-01,1.116700000000000000e+04
2.542461425781250000e+03,2.669313720703125000e+03,1.241078872680664062e+02,9.202866363525390625e+01,6.661999821662902832e-01,1.109150000000000000e+04
2.412497802734375000e+03,2.667691894531250000e+03,1.240497512817382812e+02,9.204029083251953125e+01,6.661999821662902832e-01,1.109150000000000000e+04
2.282509277343750000e+03,2.665686279296875000e+03,1.240497512817382812e+02,9.202866363525390625e+01,6.661999821662902832e-01,1.108250000000000000e+04
2.152947998046875000e+03,2.664156738281250000e+03,1.234016952514648438e+02,9.204775238037109375e+01,8.184553980827331543e-01,1.106550000000000000e+04
2.932986816406250000e+03,2.576499755859375000e+03,1.252583465576171875e+02,9.206663513183593750e+01,5.025817155838012695e-01,1.113950000000000000e+04
2.802758544921875000e+03,2.574996093750000000e+03,1.240661010742187500e+02,9.202055358886718750e+01,9.548412561416625977e-01,1.113650000000000000e+04
2.673358154296875000e+03,2.573130126953125000e+03,1.240307083129882812e+02,9.203416442871093750e+01,8.425243496894836426e-01,1.107450000000000000e+04
2.543500244140625000e+03,2.572000244140625000e+03,1.241206436157226562e+02,9.130334472656250000e+01,6.095065474510192871e-01,1.108700000000000000e+04
2.413505371093750000e+03,2.570000244140625000e+03,1.241404800415039062e+02,9.128967285156250000e+01,6.030912399291992188e-01,1.108600000000000000e+04
2.283513427734375000e+03,2.568322265625000000e+03,1.240377883911132812e+02,9.202840423583984375e+01,6.585432291030883789e-01,1.104650000000000000e+04
2.153996582031250000e+03,2.566779052734375000e+03,1.231714172363281250e+02,9.201821136474609375e+01,7.440592050552368164e-01,1.101200000000000000e+04
2.024097900390625000e+03,2.565287109375000000e+03,1.232650680541992188e+02,9.201728820800781250e+01,6.820604205131530762e-01,1.104000000000000000e+04
3.063651611328125000e+03,2.480496826171875000e+03,1.245543975830078125e+02,9.211538696289062500e+01,5.256346464157104492e-01,1.115000000000000000e+04
2.933626464843750000e+03,2.478995605468750000e+03,1.243001861572265625e+02,9.133514404296875000e+01,6.295985579490661621e-01,1.109800000000000000e+04
2.804401367187500000e+03,2.477197265625000000e+03,1.240294570922851562e+02,9.204615783691406250e+01,7.848245501518249512e-01,1.107750000000000000e+04
2.674497558593750000e+03,2.475705810546875000e+03,1.240620193481445312e+02,9.202893829345703125e+01,6.740369200706481934e-01,1.108400000000000000e+04
2.544496337890625000e+03,2.474314208984375000e+03,1.240613784790039062e+02,9.202866363525390625e+01,6.661999821662902832e-01,1.106800000000000000e+04
2.414507568359375000e+03,2.472492187500000000e+03,1.243698883056640625e+02,9.123535156250000000e+01,8.814040422439575195e-01,1.105450000000000000e+04
2.284520751953125000e+03,2.470995117187500000e+03,1.241480407714843750e+02,9.125288391113281250e+01,5.906571745872497559e-01,1.103200000000000000e+04
2.155000488281250000e+03,2.469486083984375000e+03,1.232694549560546875e+02,9.138529968261718750e+01,8.069294095039367676e-01,1.100800000000000000e+04
2.025137329101562500e+03,2.467687500000000000e+03,1.233056259155273438e+02,9.201703643798828125e+01,6.661999821662902832e-01,1.099650000000000000e+04
1.895800903320312500e+03,2.466325439453125000e+03,1.234171371459960938e+02,9.202840423583984375e+01,6.585431694984436035e-01,1.099050000000000000e+04
3.194572509765625000e+03,2.383684814453125000e+03,1.241872024536132812e+02,9.203990173339843750e+01,6.585431694984436035e-01,1.116350000000000000e+04
3.064665527343750000e+03,2.382570800781250000e+03,1.240312118530273438e+02,9.144404602050781250e+01,8.680514097213745117e-01,1.108850000000000000e+04
2.935008056640625000e+03,2.381024902343750000e+03,1.234752120971679688e+02,9.203681182861328125e+01,9.391909241676330566e-01,1.108350000000000000e+04
2.805486572265625000e+03,2.379683593750000000e+03,1.240607757568359375e+02,9.203990173339843750e+01,6.585432291030883789e-01,1.108150000000000000e+04
2.675502197265625000e+03,2.378302246093750000e+03,1.240497512817382812e+02,9.202866363525390625e+01,6.661999821662902832e-01,1.108250000000000000e+04
2.545521728515625000e+03,2.376994628906250000e+03,1.240914077758789062e+02,9.133514404296875000e+01,6.295986175537109375e-01,1.106500000000000000e+04
2.415826171875000000e+03,2.374998046875000000e+03,1.234926910400390625e+02,9.132067871093750000e+01,6.227556467056274414e-01,1.104800000000000000e+04
2.285995605468750000e+03,2.373808349609375000e+03,1.232350082397460938e+02,9.201876068115234375e+01,7.848245501518249512e-01,1.101900000000000000e+04
2.156005615234375000e+03,2.371999755859375000e+03,1.232509536743164062e+02,9.130656433105468750e+01,6.160598993301391602e-01,1.100100000000000000e+04
2.026019653320312500e+03,2.370308349609375000e+03,1.230847091674804688e+02,9.200540924072265625e+01,6.661999821662902832e-01,1.098900000000000000e+04
1.896239868164062500e+03,2.368987060546875000e+03,1.230162277221679688e+02,9.200380706787109375e+01,9.628637433052062988e-01,1.094600000000000000e+04
1.766992309570312500e+03,2.367507812500000000e+03,1.233911895751953125e+02,9.122322845458984375e+01,8.951737284660339355e-01,1.096700000000000000e+04
3.195624511718750000e+03,2.286303710937500000e+03,1.242706680297851562e+02,9.202866363525390625e+01,6.661999821662902832e-01,1.112500000000000000e+04
3.066071044921875000e+03,2.284946533203125000e+03,1.235252990722656250e+02,9.142936706542968750e+01,6.227556467056274414e-01,1.108000000000000000e+04
2.936486572265625000e+03,2.283677978515625000e+03,1.240607757568359375e+02,9.202840423583984375e+01,6.585432291030883789e-01,1.106900000000000000e+04
2.806502441406250000e+03,2.282296630859375000e+03,1.240497512817382812e+02,9.201703643798828125e+01,6.661999821662902832e-01,1.109200000000000000e+04
2.676648437500000000e+03,2.280501220703125000e+03,1.240463867187500000e+02,9.202210998535156250e+01,4.855458140373229980e-01,1.105950000000000000e+04
2.546909423828125000e+03,2.279255126953125000e+03,1.233153610229492188e+02,9.203030395507812500e+01,7.161598801612854004e-01,1.104950000000000000e+04
2.417003906250000000e+03,2.277191894531250000e+03,1.232350082397460938e+02,9.201876068115234375e+01,7.848245501518249512e-01,1.103200000000000000e+04
2.286977783203125000e+03,2.276236816406250000e+03,1.231821975708007812e+02,9.203090667724609375e+01,7.345209717750549316e-01,1.101700000000000000e+04
2.157000000000000000e+03,2.274499755859375000e+03,1.234752120971679688e+02,9.111890411376953125e+01,9.391909241676330566e-01,1.100500000000000000e+04
2.027009521484375000e+03,2.273000000000000000e+03,1.232397918701171875e+02,9.114688873291015625e+01,5.405101776123046875e-01,1.098100000000000000e+04
1.897000610351562500e+03,2.271476074218750000e+03,1.234194259643554688e+02,9.113330078125000000e+01,9.240452647209167480e-01,1.093550000000000000e+04
1.767984985351562500e+03,2.270004882812500000e+03,1.231721878051757812e+02,9.119355010986328125e+01,5.672663450241088867e-01,1.093850000000000000e+04
3.326508789062500000e+03,2.190000488281250000e+03,1.244993743896484375e+02,9.203721618652343750e+01,9.548413157463073730e-01,1.115550000000000000e+04
3.196935058593750000e+03,2.188179443359375000e+03,1.233908767700195312e+02,9.204666900634765625e+01,7.957235574722290039e-01,1.107350000000000000e+04
3.067479003906250000e+03,2.187315917968750000e+03,1.240607757568359375e+02,9.203990173339843750e+01,6.585432291030883789e-01,1.108700000000000000e+04
2.937491943359375000e+03,2.185697753906250000e+03,1.240613784790039062e+02,9.202866363525390625e+01,6.661999821662902832e-01,1.108300000000000000e+04
2.807508056640625000e+03,2.184306152343750000e+03,1.240502548217773438e+02,9.202893829345703125e+01,6.740369200706481934e-01,1.105750000000000000e+04
2.677515136718750000e+03,2.182995117187500000e+03,1.241552963256835938e+02,9.122768402099609375e+01,5.787255764007568359e-01,1.106400000000000000e+04
2.547999755859375000e+03,2.181500000000000000e+03,1.233853912353515625e+02,9.123535156250000000e+01,8.814040422439575195e-01,1.103700000000000000e+04
2.417996337890625000e+03,2.179782714843750000e+03,1.231867141723632812e+02,9.203150177001953125e+01,7.538482546806335449e-01,1.102050000000000000e+04
2.288066162109375000e+03,2.178959472656250000e+03,1.231936492919921875e+02,9.152922821044921875e+01,6.820604205131530762e-01,1.100600000000000000e+04
2.158068115234375000e+03,2.177292724609375000e+03,1.232055511474609375e+02,9.200537109375000000e+01,6.820603609085083008e-01,1.099050000000000000e+04
2.028007812500000000e+03,2.175515869140625000e+03,1.233911895751953125e+02,9.120761108398437500e+01,8.951737284660339355e-01,1.097950000000000000e+04
1.898075073242187500e+03,2.174000732421875000e+03,1.232401962280273438e+02,9.128505706787109375e+01,6.160598993301391602e-01,1.091950000000000000e+04
1.768546630859375000e+03,2.172994628906250000e+03,1.222010421752929688e+02,9.138917541503906250e+01,6.662000417709350586e-01,1.090050000000000000e+04
1.639408203125000000e+03,2.171004394531250000e+03,1.223405761718750000e+02,9.121974182128906250e+01,5.846305489540100098e-01,1.090450000000000000e+04
3.327694580078125000e+03,2.092073486328125000e+03,1.240317230224609375e+02,9.205126190185546875e+01,8.951737284660339355e-01,1.108900000000000000e+04
3.198467041015625000e+03,2.090716308593750000e+03,1.240271530151367188e+02,9.204151916503906250e+01,6.902771592140197754e-01,1.106900000000000000e+04
3.068490478515625000e+03,2.089319580078125000e+03,1.240497512817382812e+02,9.204029083251953125e+01,6.661999821662902832e-01,1.106450000000000000e+04
2.938505859375000000e+03,2.088000000000000000e+03,1.240923309326171875e+02,9.136103057861328125e+01,6.365935802459716797e-01,1.109100000000000000e+04
2.808521240234375000e+03,2.086672607421875000e+03,1.240607757568359375e+02,9.203990173339843750e+01,6.585432291030883789e-01,1.105750000000000000e+04
2.678648437500000000e+03,2.085492919921875000e+03,1.240463867187500000e+02,9.202210998535156250e+01,4.855458140373229980e-01,1.105050000000000000e+04
2.548941894531250000e+03,2.083999267578125000e+03,1.233870086669921875e+02,9.141242980957031250e+01,6.661999821662902832e-01,1.104000000000000000e+04
2.419114013671875000e+03,2.082301269531250000e+03,1.232855987548828125e+02,9.202893829345703125e+01,6.740368604660034180e-01,1.101850000000000000e+04
2.289002441406250000e+03,2.081289062500000000e+03,1.230874710083007812e+02,9.201741790771484375e+01,6.902771592140197754e-01,1.100650000000000000e+04
2.159000244140625000e+03,2.079500000000000000e+03,1.235246200561523438e+02,9.105471038818359375e+01,9.710219502449035645e-01,1.098900000000000000e+04
2.029019042968750000e+03,2.078000488281250000e+03,1.232397918701171875e+02,9.114688873291015625e+01,5.405101776123046875e-01,1.095700000000000000e+04
1.899007812500000000e+03,2.076516113281250000e+03,1.234130249023437500e+02,9.117898559570312500e+01,9.093804955482482910e-01,1.093400000000000000e+04
1.769630493164062500e+03,2.075006835937500000e+03,1.223840713500976562e+02,9.129893493652343750e+01,6.227556467056274414e-01,1.091250000000000000e+04
1.640500122070312500e+03,2.073500000000000000e+03,1.224908752441406250e+02,9.103776550292968750e+01,9.710219502449035645e-01,1.087400000000000000e+04
3.329417724609375000e+03,1.994781860351562500e+03,1.240287322998046875e+02,9.204466247558593750e+01,7.538483738899230957e-01,1.107600000000000000e+04
3.199488769531250000e+03,1.992999877929687500e+03,1.240708236694335938e+02,9.137625122070312500e+01,6.437457203865051270e-01,1.108350000000000000e+04
3.069503662109375000e+03,1.991678344726562500e+03,1.240492782592773438e+02,9.202840423583984375e+01,6.585431694984436035e-01,1.106400000000000000e+04
2.939496337890625000e+03,1.990302246093750000e+03,1.240381240844726562e+02,9.202866363525390625e+01,6.661999821662902832e-01,1.106600000000000000e+04
2.809521728515625000e+03,1.988708862304687500e+03,1.240269241333007812e+02,9.201728820800781250e+01,6.820604205131530762e-01,1.105400000000000000e+04
2.679848876953125000e+03,1.987706665039062500e+03,1.233722076416015625e+02,9.202919006347656250e+01,6.820604205131530762e-01,1.104850000000000000e+04
2.549990478515625000e+03,1.986196044921875000e+03,1.232455062866210938e+02,9.203212738037109375e+01,7.742201685905456543e-01,1.103250000000000000e+04
2.419997070312500000e+03,1.984728515625000000e+03,1.231140823364257812e+02,9.204236602783203125e+01,7.073193788528442383e-01,1.102350000000000000e+04
2.290020996093750000e+03,1.983694458007812500e+03,1.231091384887695312e+02,9.201717376708984375e+01,6.740369200706481934e-01,1.100600000000000000e+04
2.160000000000000000e+03,1.981994140625000000e+03,1.230973663330078125e+02,9.141721343994140625e+01,6.740369200706481934e-01,1.098450000000000000e+04
2.030000000000000000e+03,1.980500000000000000e+03,1.234783477783203125e+02,9.103755187988281250e+01,9.628636240959167480e-01,1.094600000000000000e+04
1.900014770507812500e+03,1.979000244140625000e+03,1.231999588012695312e+02,9.117208862304687500e+01,5.617053508758544922e-01,1.091150000000000000e+04
1.770551391601562500e+03,1.977703247070312500e+03,1.221580047607421875e+02,9.200537109375000000e+01,6.820604205131530762e-01,1.090950000000000000e+04
1.641478149414062500e+03,1.976004272460937500e+03,1.223023223876953125e+02,9.104912567138671875e+01,5.025816559791564941e-01,1.085350000000000000e+04
3.459615722656250000e+03,1.898175170898437500e+03,1.240297088623046875e+02,9.204666900634765625e+01,7.957235574722290039e-01,1.111550000000000000e+04
3.330000000000000000e+03,1.897000122070312500e+03,1.233784027099609375e+02,9.138047027587890625e+01,6.510604023933410645e-01,1.106800000000000000e+04
3.200490478515625000e+03,1.895321777343750000e+03,1.240377883911132812e+02,9.202840423583984375e+01,6.585432291030883789e-01,1.105350000000000000e+04
3.070515136718750000e+03,1.893689941406250000e+03,1.240492782592773438e+02,9.202840423583984375e+01,6.585431694984436035e-01,1.107100000000000000e+04
2.940508056640625000e+03,1.892321899414062500e+03,1.240492782592773438e+02,9.202840423583984375e+01,6.585431694984436035e-01,1.105200000000000000e+04
2.810938964843750000e+03,1.890999389648437500e+03,1.233812561035156250e+02,9.134991455078125000e+01,6.365935802459716797e-01,1.104900000000000000e+04
2.680968505859375000e+03,1.889814697265625000e+03,1.232897949218750000e+02,9.203246307373046875e+01,7.848245501518249512e-01,1.104350000000000000e+04
2.550983642578125000e+03,1.888176025390625000e+03,1.233117141723632812e+02,9.203312683105468750e+01,8.069294095039367676e-01,1.103000000000000000e+04
2.291005615234375000e+03,1.886000000000000000e+03,1.231464080810546875e+02,9.133514404296875000e+01,6.295985579490661621e-01,1.099900000000000000e+04
2.161021240234375000e+03,1.884005615234375000e+03,1.231632461547851562e+02,9.128207397460937500e+01,6.095065474510192871e-01,1.096650000000000000e+04
2.031046630859375000e+03,1.882995361328125000e+03,1.232202453613281250e+02,9.124256134033203125e+01,5.906572937965393066e-01,1.094000000000000000e+04
1.901500000000000000e+03,1.881508422851562500e+03,1.224784927368164062e+02,9.103755187988281250e+01,9.628637433052062988e-01,1.090100000000000000e+04
1.642077636718750000e+03,1.878223266601562500e+03,1.212376861572265625e+02,9.103009796142578125e+01,7.073193788528442383e-01,1.080200000000000000e+04
1.512955444335937500e+03,1.877204101562500000e+03,1.211598892211914062e+02,9.102954864501953125e+01,6.902772188186645508e-01,1.078750000000000000e+04
3.460948730468750000e+03,1.800186645507812500e+03,1.233630981445312500e+02,9.206056213378906250e+01,7.957235574722290039e-01,1.106250000000000000e+04
3.331133789062500000e+03,1.799299438476562500e+03,1.233364868164062500e+02,9.204109191894531250e+01,6.820604205131530762e-01,1.106050000000000000e+04
3.201491943359375000e+03,1.797691772460937500e+03,1.240381240844726562e+02,9.204029083251953125e+01,6.661999821662902832e-01,1.106650000000000000e+04
3.071500732421875000e+03,1.795947753906250000e+03,1.240381240844726562e+02,9.152870178222656250e+01,6.661999821662902832e-01,1.106300000000000000e+04
2.941507812500000000e+03,1.794492431640625000e+03,1.243698883056640625e+02,9.123535156250000000e+01,8.814040422439575195e-01,1.104550000000000000e+04
2.811824218750000000e+03,1.793283691406250000e+03,1.234079132080078125e+02,9.201728820800781250e+01,6.820604205131530762e-01,1.104400000000000000e+04
2.681884521484375000e+03,1.791998779296875000e+03,1.233881454467773438e+02,9.133514404296875000e+01,6.295986175537109375e-01,1.102700000000000000e+04
2.551945800781250000e+03,1.790999267578125000e+03,1.232970504760742188e+02,9.132067871093750000e+01,6.227557659149169922e-01,1.101200000000000000e+04
2.421925292968750000e+03,1.789302856445312500e+03,1.232293472290039062e+02,9.202919006347656250e+01,6.820604205131530762e-01,1.102900000000000000e+04
2.292000244140625000e+03,1.788000122070312500e+03,1.232656402587890625e+02,9.113620758056640625e+01,5.354589819908142090e-01,1.098500000000000000e+04
2.162005859375000000e+03,1.786994140625000000e+03,1.230620880126953125e+02,9.141721343994140625e+01,6.740369200706481934e-01,1.096950000000000000e+04
2.032005371093750000e+03,1.785010864257812500e+03,1.231122741699218750e+02,9.129893493652343750e+01,6.227557659149169922e-01,1.094200000000000000e+04
1.902421752929687500e+03,1.783999267578125000e+03,1.224736175537109375e+02,9.104872131347656250e+01,4.982115924358367920e-01,1.089000000000000000e+04
1.772521972656250000e+03,1.782213867187500000e+03,1.221128692626953125e+02,9.104200744628906250e+01,6.986944079399108887e-01,1.086500000000000000e+04
1.643490844726562500e+03,1.780995483398437500e+03,1.222609100341796875e+02,9.107873535156250000e+01,5.256345868110656738e-01,1.081950000000000000e+04
1.514030029296875000e+03,1.779990234375000000e+03,1.212739334106445312e+02,9.117543029785156250e+01,5.729386806488037109e-01,1.077300000000000000e+04
3.461632324218750000e+03,1.702849609375000000e+03,1.240304641723632812e+02,9.204831695556640625e+01,8.303154110908508301e-01,1.107050000000000000e+04
3.332093261718750000e+03,1.701691894531250000e+03,1.232650680541992188e+02,9.204109191894531250e+01,6.820604205131530762e-01,1.104500000000000000e+04
3.202497802734375000e+03,1.699697753906250000e+03,1.240264968872070312e+02,9.202866363525390625e+01,6.661999821662902832e-01,1.105750000000000000e+04
3.072507812500000000e+03,1.698302368164062500e+03,1.240381240844726562e+02,9.202866363525390625e+01,6.661999821662902832e-01,1.103750000000000000e+04
2.942512207031250000e+03,1.696960083007812500e+03,1.240492782592773438e+02,9.146521759033203125e+01,6.585431694984436035e-01,1.104050000000000000e+04
2.812508544921875000e+03,1.695500366210937500e+03,1.244354248046875000e+02,9.113330078125000000e+01,9.240454435348510742e-01,1.103200000000000000e+04
2.682888183593750000e+03,1.694281616210937500e+03,1.232922744750976562e+02,9.202946472167968750e+01,6.902771592140197754e-01,1.101900000000000000e+04
2.552634521484375000e+03,1.692893432617187500e+03,1.240384826660156250e+02,9.125521850585937500e+01,4.939168989658355713e-01,1.102550000000000000e+04
2.292993164062500000e+03,1.690479003906250000e+03,1.232381134033203125e+02,9.139395904541015625e+01,7.957235574722290039e-01,1.098050000000000000e+04
2.163000000000000000e+03,1.689000122070312500e+03,1.233057632446289062e+02,9.104832458496093750e+01,4.939168989658355713e-01,1.098000000000000000e+04
2.033016601562500000e+03,1.687989135742187500e+03,1.231024627685546875e+02,9.131317138671875000e+01,6.295985579490661621e-01,1.092250000000000000e+04
1.903459960937500000e+03,1.686004638671875000e+03,1.222938766479492188e+02,9.119544219970703125e+01,5.729386806488037109e-01,1.086800000000000000e+04
1.773578613281250000e+03,1.684818481445312500e+03,1.222033233642578125e+02,9.105253601074218750e+01,6.740369200706481934e-01,1.083450000000000000e+04
1.644491943359375000e+03,1.683186035156250000e+03,1.220498886108398438e+02,9.102873992919921875e+01,6.661999821662902832e-01,1.080100000000000000e+04
1.515045776367187500e+03,1.682193115234375000e+03,1.211719436645507812e+02,9.102954864501953125e+01,6.902771592140197754e-01,1.074800000000000000e+04
3.463331787109375000e+03,1.605103637695312500e+03,1.240160522460937500e+02,9.203488159179687500e+01,8.680514693260192871e-01,1.110500000000000000e+04
3.333165771484375000e+03,1.603712646484375000e+03,1.234006958007812500e+02,9.204151916503906250e+01,6.902771592140197754e-01,1.105900000000000000e+04
3.203490478515625000e+03,1.602299804687500000e+03,1.240384902954101562e+02,9.204070281982421875e+01,6.740369200706481934e-01,1.105900000000000000e+04
3.073497802734375000e+03,1.600686157226562500e+03,1.240264968872070312e+02,9.202866363525390625e+01,6.661999821662902832e-01,1.104000000000000000e+04
2.943505371093750000e+03,1.598994995117187500e+03,1.241583480834960938e+02,9.125288391113281250e+01,5.906572937965393066e-01,1.104650000000000000e+04
2.813505371093750000e+03,1.597995117187500000e+03,1.241465988159179688e+02,9.124015808105468750e+01,5.846305489540100098e-01,1.103550000000000000e+04
2.683500488281250000e+03,1.596492309570312500e+03,1.243754425048828125e+02,9.120761108398437500e+01,8.951737284660339355e-01,1.102050000000000000e+04
2.553882080078125000e+03,1.594999145507812500e+03,1.235039901733398438e+02,9.110533142089843750e+01,5.208563208580017090e-01,1.100000000000000000e+04
2.423861572265625000e+03,1.593998535156250000e+03,1.234791030883789062e+02,9.120345306396484375e+01,5.672664046287536621e-01,1.097850000000000000e+04
2.293999755859375000e+03,1.592516967773437500e+03,1.234661788940429688e+02,9.105402374267578125e+01,9.548412561416625977e-01,1.096600000000000000e+04
2.163991699218750000e+03,1.591205810546875000e+03,1.230620880126953125e+02,9.101724243164062500e+01,6.740369200706481934e-01,1.093700000000000000e+04
2.034004516601562500e+03,1.590000244140625000e+03,1.232909774780273438e+02,9.104003143310546875e+01,4.982116520404815674e-01,1.090650000000000000e+04
1.904395507812500000e+03,1.588796508789062500e+03,1.222532348632812500e+02,9.102925872802734375e+01,6.820604205131530762e-01,1.085200000000000000e+04
1.774997802734375000e+03,1.587188232421875000e+03,1.230267944335937500e+02,9.102900695800781250e+01,6.740369200706481934e-01,1.082650000000000000e+04
1.645500244140625000e+03,1.586000000000000000e+03,1.222997131347656250e+02,9.103133392333984375e+01,4.982115924358367920e-01,1.078150000000000000e+04
1.516487182617187500e+03,1.584583374023437500e+03,1.220270614624023438e+02,9.055310821533203125e+01,6.820604205131530762e-01,1.074000000000000000e+04
3.334445556640625000e+03,1.505999267578125000e+03,1.240873870849609375e+02,9.147528839111328125e+01,6.902771592140197754e-01,1.107150000000000000e+04
3.204484619140625000e+03,1.504311645507812500e+03,1.240267257690429688e+02,9.204070281982421875e+01,6.740369200706481934e-01,1.104350000000000000e+04
3.074500244140625000e+03,1.503000000000000000e+03,1.241820373535156250e+02,9.121335601806640625e+01,5.672663450241088867e-01,1.104300000000000000e+04
2.944500488281250000e+03,1.501493164062500000e+03,1.242411956787109375e+02,9.138529968261718750e+01,8.069294095039367676e-01,1.103400000000000000e+04
2.814504882812500000e+03,1.499995361328125000e+03,1.242114486694335938e+02,9.114688873291015625e+01,5.405101776123046875e-01,1.103250000000000000e+04
2.684510986328125000e+03,1.498994628906250000e+03,1.241013488769531250e+02,9.132067871093750000e+01,6.227557659149169922e-01,1.101750000000000000e+04
2.554500244140625000e+03,1.497491577148437500e+03,1.244782104492187500e+02,9.103755187988281250e+01,9.628636240959167480e-01,1.100050000000000000e+04
2.424862548828125000e+03,1.496198486328125000e+03,1.233208847045898438e+02,9.102900695800781250e+01,6.740369200706481934e-01,1.096650000000000000e+04
2.294947021484375000e+03,1.494999633789062500e+03,1.233308258056640625e+02,9.114962005615234375e+01,5.509040355682373047e-01,1.094500000000000000e+04
2.164991210937500000e+03,1.493995727539062500e+03,1.233117218017578125e+02,9.103086090087890625e+01,4.896955788135528564e-01,1.094250000000000000e+04
2.035108154296875000e+03,1.492052978515625000e+03,1.230416870117187500e+02,9.102424621582031250e+01,5.405101776123046875e-01,1.088150000000000000e+04
1.905513427734375000e+03,1.491408813476562500e+03,1.221006774902343750e+02,9.065179443359375000e+01,6.986944079399108887e-01,1.084700000000000000e+04
1.776093627929687500e+03,1.489667602539062500e+03,1.230134658813476562e+02,9.047208404541015625e+01,5.456575751304626465e-01,1.080600000000000000e+04
1.646505981445312500e+03,1.488494262695312500e+03,1.220503921508789062e+02,9.040551757812500000e+01,6.740369200706481934e-01,1.076050000000000000e+04
3.335264648437500000e+03,1.408402832031250000e+03,1.240499649047851562e+02,9.125807189941406250e+01,9.710219502449035645e-01,1.106050000000000000e+04
3.205480224609375000e+03,1.406688232421875000e+03,1.240267257690429688e+02,9.204070281982421875e+01,6.740369200706481934e-01,1.106000000000000000e+04
3.075494384765625000e+03,1.405011474609375000e+03,1.240377883911132812e+02,9.140775299072265625e+01,6.585432291030883789e-01,1.106050000000000000e+04
2.945497802734375000e+03,1.403691894531250000e+03,1.240264968872070312e+02,9.201703643798828125e+01,6.661999821662902832e-01,1.103500000000000000e+04
2.815496582031250000e+03,1.402308227539062500e+03,1.240381240844726562e+02,9.201703643798828125e+01,6.661999821662902832e-01,1.102650000000000000e+04
2.685504882812500000e+03,1.400995239257812500e+03,1.242154083251953125e+02,9.116884613037109375e+01,5.509039759635925293e-01,1.100300000000000000e+04
2.555500000000000000e+03,1.399508300781250000e+03,1.244660339355468750e+02,9.105402374267578125e+01,9.548413157463073730e-01,1.099150000000000000e+04
2.425863769531250000e+03,1.398998657226562500e+03,1.234381561279296875e+02,9.122768402099609375e+01,5.787255764007568359e-01,1.095950000000000000e+04
2.295951416015625000e+03,1.397004150390625000e+03,1.233789978027343750e+02,9.107671356201171875e+01,5.115558505058288574e-01,1.092800000000000000e+04
2.165995361328125000e+03,1.395999877929687500e+03,1.233031768798828125e+02,9.102231597900390625e+01,4.896955788135528564e-01,1.093500000000000000e+04
2.036014038085937500e+03,1.394800170898437500e+03,1.230503234863281250e+02,9.102900695800781250e+01,6.740369200706481934e-01,1.086600000000000000e+04
1.906505615234375000e+03,1.393500000000000000e+03,1.221383438110351562e+02,9.035384368896484375e+01,6.437457203865051270e-01,1.082200000000000000e+04
1.777388916015625000e+03,1.392203613281250000e+03,1.222441482543945312e+02,9.104158782958984375e+01,6.902772188186645508e-01,1.077800000000000000e+04
1.647820678710937500e+03,1.391205200195312500e+03,1.214178009033203125e+02,9.101762390136718750e+01,6.986943483352661133e-01,1.072950000000000000e+04
3.336284912109375000e+03,1.310413208007812500e+03,1.240661010742187500e+02,9.133731079101562500e+01,9.548412561416625977e-01,1.108650000000000000e+04
3.076508544921875000e+03,1.307508544921875000e+03,1.244827117919921875e+02,9.105402374267578125e+01,9.548412561416625977e-01,1.107050000000000000e+04
2.946495361328125000e+03,1.306000000000000000e+03,1.242303237915039062e+02,9.115631866455078125e+01,5.405101776123046875e-01,1.100550000000000000e+04
2.816494384765625000e+03,1.304994262695312500e+03,1.240595855712890625e+02,9.136501312255859375e+01,6.437457203865051270e-01,1.101000000000000000e+04
2.686505126953125000e+03,1.303000122070312500e+03,1.241404800415039062e+02,9.126862335205078125e+01,6.030912399291992188e-01,1.099350000000000000e+04
2.556632324218750000e+03,1.302001098632812500e+03,1.240296554565429688e+02,9.103086090087890625e+01,4.896955788135528564e-01,1.094750000000000000e+04
2.426635498046875000e+03,1.301001098632812500e+03,1.240124893188476562e+02,9.103909301757812500e+01,4.855458140373229980e-01,1.095350000000000000e+04
2.296991699218750000e+03,1.299508300781250000e+03,1.234495162963867188e+02,9.103736114501953125e+01,9.548412561416625977e-01,1.091600000000000000e+04
2.167003662109375000e+03,1.298202636718750000e+03,1.230507965087890625e+02,9.101736450195312500e+01,6.820604205131530762e-01,1.087550000000000000e+04
2.037381591796875000e+03,1.297218139648437500e+03,1.223201751708984375e+02,9.102981567382812500e+01,6.986944079399108887e-01,1.082650000000000000e+04
1.908000122070312500e+03,1.296004272460937500e+03,1.232885131835937500e+02,9.102246856689453125e+01,4.939168989658355713e-01,1.080400000000000000e+04
1.778482177734375000e+03,1.294505615234375000e+03,1.220974349975585938e+02,9.040551757812500000e+01,6.740369200706481934e-01,1.077650000000000000e+04
1.649344604492187500e+03,1.293613037109375000e+03,1.220470809936523438e+02,9.101999664306640625e+01,8.814040422439575195e-01,1.073700000000000000e+04
3.207478515625000000e+03,1.211325195312500000e+03,1.240730056762695312e+02,9.202866363525390625e+01,6.661999821662902832e-01,1.106000000000000000e+04
3.077480712890625000e+03,1.209695190429687500e+03,1.240492782592773438e+02,9.201691436767578125e+01,6.585431694984436035e-01,1.105100000000000000e+04
2.947482910156250000e+03,1.208508178710937500e+03,1.244782104492187500e+02,9.107116699218750000e+01,9.628636240959167480e-01,1.101850000000000000e+04
2.817490966796875000e+03,1.207004760742187500e+03,1.242282180786132812e+02,9.113620758056640625e+01,5.354589819908142090e-01,1.099100000000000000e+04
2.687490478515625000e+03,1.205999755859375000e+03,1.242324523925781250e+02,9.114824676513671875e+01,5.456576347351074219e-01,1.096250000000000000e+04
2.557635498046875000e+03,1.204896118164062500e+03,1.240208282470703125e+02,9.122367095947265625e+01,4.814658164978027344e-01,1.094600000000000000e+04
2.427639892578125000e+03,1.203022338867187500e+03,1.240209655761718750e+02,9.104756927490234375e+01,4.855458140373229980e-01,1.091800000000000000e+04
2.297987060546875000e+03,1.201995605468750000e+03,1.233373641967773438e+02,9.103086090087890625e+01,4.896955788135528564e-01,1.089400000000000000e+04
2.168000000000000000e+03,1.201000122070312500e+03,1.233117218017578125e+02,9.102231597900390625e+01,4.896955788135528564e-01,1.088100000000000000e+04
2.038426269531250000e+03,1.199999389648437500e+03,1.225344848632812500e+02,9.103133392333984375e+01,4.982115924358367920e-01,1.082600000000000000e+04
1.908995605468750000e+03,1.198500000000000000e+03,1.232695159912109375e+02,9.005841827392578125e+01,5.070290565490722656e-01,1.077950000000000000e+04
1.779467285156250000e+03,1.197204345703125000e+03,1.221116333007812500e+02,9.101750183105468750e+01,6.902772188186645508e-01,1.074400000000000000e+04
3.208137207031250000e+03,1.113509277343750000e+03,1.250123367309570312e+02,9.203015136718750000e+01,4.774537384510040283e-01,1.108700000000000000e+04
2.948482910156250000e+03,1.110999755859375000e+03,1.243344192504882812e+02,9.106611633300781250e+01,4.982115924358367920e-01,1.099450000000000000e+04
2.818485839843750000e+03,1.109999877929687500e+03,1.242446746826171875e+02,9.111646270751953125e+01,5.305013060569763184e-01,1.096950000000000000e+04
2.688491699218750000e+03,1.108491455078125000e+03,1.244614105224609375e+02,9.103755187988281250e+01,9.628636240959167480e-01,1.095050000000000000e+04
2.558499755859375000e+03,1.107000000000000000e+03,1.242946014404296875e+02,9.103086090087890625e+01,4.896955788135528564e-01,1.093000000000000000e+04
2.428893066406250000e+03,1.105999023437500000e+03,1.235083084106445312e+02,9.103940582275390625e+01,4.896955788135528564e-01,1.089050000000000000e+04
2.298985839843750000e+03,1.104208251953125000e+03,1.230865097045898438e+02,9.102925872802734375e+01,6.820604205131530762e-01,1.086900000000000000e+04
2.169004394531250000e+03,1.103495605468750000e+03,1.232872085571289062e+02,9.006726837158203125e+01,5.070290565490722656e-01,1.083050000000000000e+04
2.039965820312500000e+03,1.102243408203125000e+03,1.230278854370117188e+02,9.103038787841796875e+01,7.161599993705749512e-01,1.078600000000000000e+04
1.910136718750000000e+03,1.101009643554687500e+03,1.230211486816406250e+02,9.102231597900390625e+01,4.896955788135528564e-01,1.073200000000000000e+04
1.780991333007812500e+03,1.100004394531250000e+03,1.232996749877929688e+02,9.103133392333984375e+01,4.982115924358367920e-01,1.076200000000000000e+04
3.078996337890625000e+03,1.014897338867187500e+03,1.247390289306640625e+02,9.124452972412109375e+01,4.896955788135528564e-01,1.105700000000000000e+04
2.949008300781250000e+03,1.013500122070312500e+03,1.234951477050781250e+02,9.103755187988281250e+01,9.628636240959167480e-01,1.095550000000000000e+04
2.819121826171875000e+03,1.012257812500000000e+03,1.233653488159179688e+02,9.200531005859375000e+01,7.161599993705749512e-01,1.091850000000000000e+04
2.689487060546875000e+03,1.010999938964843750e+03,1.242970962524414062e+02,9.103971099853515625e+01,4.939168989658355713e-01,1.090950000000000000e+04
2.559642822265625000e+03,1.009501159667968750e+03,1.240292358398437500e+02,9.201355743408203125e+01,4.814658164978027344e-01,1.087400000000000000e+04
2.429500244140625000e+03,1.008500061035156250e+03,1.244327163696289062e+02,9.103736114501953125e+01,9.548412561416625977e-01,1.084650000000000000e+04
2.299987304687500000e+03,1.006999816894531250e+03,1.233544692993164062e+02,9.102231597900390625e+01,4.896955788135528564e-01,1.082550000000000000e+04
2.170012695312500000e+03,1.006000122070312500e+03,1.233202743530273438e+02,9.102231597900390625e+01,4.896955788135528564e-01,1.076050000000000000e+04
2.040982788085937500e+03,1.005004211425781250e+03,1.233230056762695312e+02,9.102246856689453125e+01,4.939168989658355713e-01,1.074450000000000000e+04
1.911136840820312500e+03,1.003988342285156250e+03,1.230382385253906250e+02,9.104795074462890625e+01,4.896955788135528564e-01,1.082050000000000000e+04
2.950428710937500000e+03,9.159993286132812500e+02,1.242996520996093750e+02,9.125035858154296875e+01,5.846305489540100098e-01,1.102750000000000000e+04
2.820115234375000000e+03,9.150009155273437500e+02,1.236108703613281250e+02,9.103940582275390625e+01,4.896955788135528564e-01,1.089900000000000000e+04
2.690266601562500000e+03,9.139962158203125000e+02,1.240161056518554688e+02,9.200389099121093750e+01,9.548412561416625977e-01,1.086850000000000000e+04
2.560502197265625000e+03,9.123024291992187500e+02,1.240264968872070312e+02,9.200540924072265625e+01,6.661999821662902832e-01,1.083350000000000000e+04
2.430918457031250000e+03,9.110036010742187500e+02,1.234741210937500000e+02,9.103086090087890625e+01,4.896955788135528564e-01,1.082300000000000000e+04
2.300995849609375000e+03,9.099957885742187500e+02,1.233430252075195312e+02,9.102214050292968750e+01,4.855458140373229980e-01,1.079000000000000000e+04
2.171427490234375000e+03,9.089993286132812500e+02,1.226109085083007812e+02,9.103086090087890625e+01,4.896955788135528564e-01,1.072000000000000000e+04
2.041909545898437500e+03,9.075079345703125000e+02,1.234781646728515625e+02,9.201380920410156250e+01,4.939168989658355713e-01,1.083100000000000000e+04
2.821444091796875000e+03,8.174996337890625000e+02,1.244091720581054688e+02,9.205690765380859375e+01,4.939168989658355713e-01,1.101650000000000000e+04
2.691467041015625000e+03,8.157252807617187500e+02,1.240151824951171875e+02,9.201756286621093750e+01,6.986943483352661133e-01,1.096550000000000000e+04
2.561639892578125000e+03,8.145011596679687500e+02,1.240294418334960938e+02,9.202210998535156250e+01,4.855459034442901611e-01,1.091600000000000000e+04
2.431644287109375000e+03,8.134927368164062500e+02,1.240209655761718750e+02,9.202210998535156250e+01,4.855458140373229980e-01,1.089350000000000000e+04
2.302000000000000000e+03,8.119956054687500000e+02,1.233170623779296875e+02,9.104872131347656250e+01,4.982115924358367920e-01,1.086900000000000000e+04
2.172487304687500000e+03,8.115042114257812500e+02,1.243057174682617188e+02,9.203105163574218750e+01,4.939168989658355713e-01,1.087450000000000000e+04
